{
  "data": {
    "BRL": 5.4058107327,
    "CAD": 1.3630602516
  }
}